id,tickers,score,group
h7vsa92,r r,42,259
h7w7njx,mcd,27,284
h7vr8kq,sofi,23,257
h7vr288,spy,24,257
h7ulfn7,hood r hood,107,193
h7v4mxl,mcfe,20,221
h7w0vn3,wifi,18,273
h7v2p0o,net,57,218
h7vqaal,fds,16,255
h7uxwi2,mara,15,211
h7v6yrf,spy,16,224
h7uorbr,hood pd,15,198
h7v1gxi,spy,14,216
h7vtf3c,gme,14,261
h7w7q41,cost,14,284
h7uy975,loop fds,38,211
h7v32j7,mcfe,41,218
h7uy8mc,sofi,14,211
h7v8rc4,aapl,13,227
h7vt2ct,spy,14,260
h7vzrm3,alot,12,271
h7v9tnf,ww,12,229
h7vjws2,hood,10,245
h7v997h,hood,37,228
h7vj2v6,hood mcfe spy mrna mcfe,11,244
h7vl4d2,mvis,11,247
h7w1fsc,hood,11,274
h7w2elh,spy,10,275
h7v7cqu,mcfe,10,225
h7v8eql,clov,10,226
h7vcqd1,clne,9,233
h7vdawv,tsla,10,234
h7vdty2,spy,11,235
h7vea98,psfe pltr,10,236
h7vhas3,mcfe,8,241
h7vjgqx,mcfe mcfe,11,244
h7vvtax,spy,11,264
h7w6i5g,hood negg,9,282
h7w8v6z,fix,10,286
h7vb58w,fb,28,231
h7vf82d,gps,28,237
h7vhnp0,m tgt,27,241
h7uoku2,znga,10,197
h7uovpx,mcfe,8,198
h7v6u2d,spy spy spy spy,9,224
h7v89vq,hood,9,226
h7vavcv,msft,7,230
h7vpuu1,spy,10,255
h7vuc97,spy,9,262
h7w1y3f,mvis,8,274
h7w5g5e,didi,9,280
h7w65tq,aapl,8,282
h7upjfn,spy,24,199
h7uxifm,hood,26,210
h7v0hvv,mcfe,24,214
h7v2ttk,mrna,24,218
h7uza3b,net,9,213
h7v1pic,sq,8,216
h7v3xv6,fds net,8,220
h7v5aqx,coin,8,222
h7v7imj,znga,8,225
h7vaa7f,mcfe,7,229
h7vb5o9,spy mac wen,9,231
h7vjl2x,uber uber,9,244
h7vkkx5,pins viaca,8,246
h7vq11s,sofi,8,255
h7vty1d,ndaq,9,261
h7vy6ca,hood,7,268
h7vyy2q,se,7,270
h7vzk7i,spy,7,271
h7vbf5k,spy,24,231
h7up30u,znga,20,198
h7v8sw6,hood sofi loop,21,227
h7v44fn,hood,20,220
h7v9ibb,fly,19,228
h7up9kf,spce,8,198
h7urpa9,aapl,8,202
h7urscv,hood,8,202
h7utcfa,pltr wen,5,204
h7uuuma,hood,8,206
h7uyen5,nvda,6,211
h7vbjgf,spy r,7,231
h7vi8if,mvis,9,242
h7vz6ny,ntdoy ea etsy roku,7,270
h7w160x,spy,7,273
h7w1f30,r,7,274
h7w6j23,hood golf,6,282
h7v26bg,hood,19,217
h7vpsle,spy,20,255
h7up1d4,dash,18,198
h7vt2n8,hood,19,260
h7uqbae,bb,27,200
h7va6pg,step,25,229
h7v7vuj,bpop,17,225
h7uojn9,pltr,7,197
h7up80b,dkng,7,198
h7up8mk,mvis,7,198
h7upc39,sofi,6,199
h7us065,mcfe,7,202
h7ut90s,hood,5,204
h7uu159,tsla,6,205
h7uu9pk,race,5,205
h7uuhw9,hood,6,206
h7uvhck,spy,5,207
h7uxjsm,hood,6,210
h7uy273,spce,7,211
h7uyiiz,net,5,212
h7uz1g8,spy,6,212
h7uzja4,hood,6,213
h7v0ctj,dkng,6,214
h7v1ags,mcfe,6,216
h7v2n7t,psfe,5,218
h7v4fsg,hood,7,220
h7v5ban,nvax,7,222
h7v5cs7,alot,6,222
h7v5g5x,zip,5,222
h7v89wz,fb,6,226
h7vb0ym,tsla mcfe,4,230
h7vf5od,dkng,7,237
h7vh9au,mcfe,7,241
h7vhej4,r,6,241
h7vkqtv,clne,5,246
h7vkvrh,tlry,5,247
h7vt7yy,si,6,260
h7vv5tk,tsla sq,6,263
h7vaf4s,spy,17,229
h7urfdo,tsla,14,201
h7vgv3r,hood,17,240
h7vi4ak,viac,15,242
h7uvm6c,tm,15,207
h7v4kv8,mcfe,12,220
h7v8pa0,cat mei,14,227
h7vgl8s,spy,13,239
h7vr11n,nkla,14,257
h7umpf9,clne,3,195
h7unc0m,hood,5,196
h7uo2cs,hood clov,5,197
h7us3l3,mcfe,5,202
h7us54d,spy,4,202
h7ut016,zg,5,204
h7uu260,zg,6,205
h7uu8x4,cgc,6,205
h7uuhql,spce,4,206
h7uvkv7,spy,5,207
h7uvsas,penn,5,208
h7uvvex,spy,4,208
h7uxvzs,net net,4,211
h7uydnk,surf crsr,5,211
h7uz9gp,hood,5,213
h7v0pqj,mcfe,4,215
h7v1d7b,hood,5,216
h7v1h6j,fix,5,216
h7v1rrm,spy,6,216
h7v28dm,hood,4,217
h7v2cbq,amc negg,6,217
h7v42yt,net,5,220
h7v44ig,mcd,6,220
h7v4u0w,hood,5,221
h7v5ckn,hood sofi mcfe,6,222
h7v5iu8,spy,4,222
h7v6ql6,spy,6,224
h7v73az,mrna mrna,6,224
h7v7bzk,etsy etsy,5,225
h7v9xh6,negg,4,229
h7vbjyi,wifi,5,231
h7vbvyl,coke,4,232
h7vbxp5,fsly,5,232
h7vcp1t,hood,5,233
h7vcpan,cmg,6,233
h7vd2fo,clne,7,234
h7vg825,cgc,7,239
h7vh7yq,mcfe,5,241
h7vhbxz,mcfe,5,241
h7vjgqw,cvna ddog mrna,5,244
h7vjmx7,tsla spy roku hood,5,245
h7vjv0q,dis,5,245
h7vjyd8,zg,5,245
h7vkqg2,mcfe mcfe,4,246
h7vp6dv,sofi rkt gl,5,254
h7vrg4f,upst,5,257
h7vs1qc,bngo clne,4,258
h7vslic,znga,5,259
h7vvyxb,dkng,6,265
h7vxey3,spy,5,267
h7vz4vx,mcfe,5,270
h7vz8jl,spce,6,270
h7w1pjo,mcfe,4,274
h7w1shp,spy,4,274
h7w5w72,spy,4,281
h7vg15b,fds,13,239
h7uoah1,hood,18,197
h7ulie1,hood,27,193
h7uu3cg,hood rblx,12,205
h7uysml,spy hood,12,212
h7vd57i,clne clne,12,234
h7vq99o,mvis,10,255
h7vqcwh,wing,12,256
h7vb4o6,surf,17,231
h7us3xc,clne clne clne,10,202
h7uxx0o,clov,11,211
h7uzfvc,star spy,12,213
h7uztb0,mcfe,11,213
h7vprys,mcfe,10,255
h7w3mwr,kim j,10,277
h7w5muw,sndl,10,281
h7ux1nm,hood,17,209
h7umdl3,xela,5,194
h7un6xj,chpt,4,196
h7uoez8,mrna,3,197
h7uojzb,mrna,5,197
h7up1h3,net,4,198
h7upgop,net,3,199
h7uptr5,net,3,199
h7uq1ka,swim swim,4,200
h7ur08d,nclh plby,5,201
h7ur7tw,mcfe,3,201
h7urt3p,clne,4,202
h7urx54,hood,3,202
h7uryce,spy,3,202
h7us6cl,spce,5,203
h7uti3z,spce,6,204
h7uti5x,hood hood pure,3,204
h7uv336,net,4,207
h7uvbov,zg,4,207
h7uw6rg,mcfe,4,208
h7uw6sq,mcfe,4,208
h7uwuoi,sq ta,3,209
h7uxmnx,ec,3,210
h7uyfa4,gps gps gps,5,211
h7uz8o9,rblx,4,213
h7uzr5i,spce,3,213
h7uzyhc,base,3,214
h7v0pu8,spce,4,215
h7v0ysm,mcfe,4,215
h7v18nt,dkng,4,216
h7v381y,tsla,5,218
h7v39pu,psfe,3,219
h7v3gx0,mcfe,4,219
h7v4vvd,spy,4,221
h7v6qg2,mcfe,3,224
h7v7412,lev,5,224
h7v8kxv,psfe,5,227
h7v9q9j,net,2,228
h7vcgut,webr,5,233
h7vd302,sq,3,234
h7vef19,grpn,3,236
h7vew0z,hood,4,237
h7vf4dv,hood,4,237
h7vg34x,bpop,4,239
h7vh6e4,mgni viac nvda,5,240
h7vhhob,hood,5,241
h7vjob6,spy,4,245
h7vjvuu,zy zy,3,245
h7vjy6h,baba,3,245
h7vkig0,mcfe,4,246
h7vkw15,mcfe,3,247
h7vp73s,ndaq,4,254
h7vrpoe,jblu,3,258
h7vvsjm,wynn,5,264
h7vyqxy,net,4,269
h7w6uq6,mcfe,4,283
h7w848r,spy,4,285
h7w86yl,aapl spy,4,285
h7umrjp,hood,13,195
h7um7fp,hood,11,194
h7utzp5,simp,10,205
h7uubpn,qs,10,206
h7v4fwg,spy,10,220
h7vdu6d,hood,11,235
h7vmo9y,orgn psfe psfe,13,250
h7uqhh2,fc,10,200
h7uqi88,gdp,9,200
h7usflu,fsly hood,7,203
h7uwalb,spy,9,208
h7vbpwm,hood hood,8,232
h7vmkv8,dkng,10,249
h7vv1u5,zeta,9,263
h7vv72e,hood,8,263
h7vvbv1,hood,9,264
h7vvhkv,hood,9,264
h7uml39,hood,7,195
h7up4vv,spy,9,198
h7upnpb,mcfe,9,199
h7usvp7,mvis,8,204
h7v0qzm,clne,8,215
h7vjc8m,hood,8,244
h7vxmpv,spy,6,267
h7w5cks,r,7,280
h7umawo,sq,11,194
h7umt6f,spce,6,195
h7uojov,ahh,7,197
h7uopbf,hood,6,198
h7uotcy,hood,6,198
h7uqunh,hood rh,8,201
h7ut7t0,mcfe,8,204
h7uv6rl,rh,6,207
h7uypot,clov,7,212
h7v5stt,mrna rsi,8,222
h7vau3i,mcfe,8,230
h7vmeoq,bb nok,8,249
h7vq8e9,sofi sklz rblx pins,6,255
h7vte8d,spy,7,260
h7vuwp3,mcfe,7,263
h7vvby8,hood,7,264
h7uldcz,dkng,3,193
h7umeau,net,3,194
h7umh25,spy,3,195
h7umzwa,zg,3,195
h7un0i4,uber zg,3,195
h7un4fq,ely,3,195
h7uncpy,spy,3,196
h7unydw,ccl,3,197
h7uodg0,cvna,3,197
h7uomcc,mrna,3,198
h7uon4p,sofi,3,198
h7uooj6,net,3,198
h7uozq3,net,3,198
h7up1a4,sq,3,198
h7up220,webr,3,198
h7up78g,dkng,3,198
h7up95k,zg,3,198
h7updax,znga,3,199
h7upnmm,fvrr net,3,199
h7ups8e,gpro,3,199
h7upwse,net,3,199
h7uq8qa,crsp spy mcfe,3,200
h7ur2p1,mcfe,3,201
h7urzc0,net,3,202
h7us84d,wkhs,3,203
h7us94k,mcfe,3,203
h7uslb3,z,3,203
h7utcqe,rdfn,3,204
h7uuer8,penn,3,206
h7uus0g,spy,3,206
h7uvoo0,net fsly roku etsy,3,207
h7uvsux,zg z,3,208
h7uwxoz,spce fds,3,209
h7ux1pn,net,3,209
h7uxl1z,penn fds,3,210
h7uxsp6,spy spy,3,211
h7uyq5l,aal,3,212
h7uysif,spy,3,212
h7uyu5x,cgc,3,212
h7uzo4j,mrna,3,213
h7v0jot,sq,3,214
h7v0kg7,zg,3,215
h7v0wqa,mcfe ccs,3,215
h7v13yo,nvax,3,215
h7v18xe,hood m,3,216
h7v1fwy,fsly,3,216
h7v1v5n,mcfe,3,216
h7v23w5,ford,3,217
h7v37go,sbux kr,3,218
h7v3g7q,mrna,3,219
h7v3jrj,mrna,3,219
h7v4yju,psfe,3,221
h7v51ws,tsla,3,221
h7v57be,psfe hood,3,221
h7v5xut,ford gm,3,223
h7v6und,fb,3,224
h7v74ub,amd,3,224
h7v7non,spce,3,225
h7v8dw8,mara,3,226
h7valih,psfe,3,230
h7vbkrb,regn,3,231
h7vc11k,mrna pltr tlry asan xpev aapl crwd nio,3,232
h7vcwul,tsla,3,233
h7vdwcz,jun jun jun,3,235
h7vg1j0,mcfe,3,239
h7vgbfp,mrna,3,239
h7vhl1e,sp,3,241
h7vhli2,mcfe,3,241
h7vhxoc,fsly,3,242
h7vk9u2,btbt,3,246
h7vpgov,cvna,3,254
h7vrk6m,spy,3,258
h7vt62e,googl,3,260
h7vtayk,mrna,3,260
h7vtk0o,sofi,3,261
h7vum20,tgt,3,262
h7vum2z,hood,3,262
h7vv8s7,fds,3,263
h7vwh52,tlry,3,266
h7vwsen,mrna,3,266
h7vygwh,spy,3,269
h7vze39,spy spy,3,270
h7w0fmj,net,2,272
h7w13rm,spce,3,273
h7w1kiz,geni dkng m,2,274
h7w37tc,gdp por,2,277
h7w689o,apph,2,282
h7w6ish,pfe,2,282
h7w8snd,intc,3,286
h7uzlbs,hood,12,213
h7ul58w,hood,9,193
h7ulaui,spy,9,193
h7uogvd,hood,9,197
h7uprmg,net,9,199
h7vapks,pro,12,230
h7ul7em,med,7,193
h7un0mf,net,6,195
h7uq5u6,spy spy spy spy,5,200
h7ur7qn,net,5,201
h7urdyg,spy,7,201
h7usivm,mvis,5,203
h7uyl0m,mcfe bon mcfe,6,212
h7v3gl9,clne,5,219
h7vbd6s,aapl,5,231
h7vg1vi,wrap,7,239
h7vk9x0,r,5,246
h7vklbs,sofi,6,246
h7vn6hf,dkng,6,250
h7vyawk,hood,6,269
h7vyhob,tsla,5,269
h7vzpdv,mcfe,7,271
h7w1r3b,fly,5,274
h7vnvbu,sofi,7,252
h7voiur,clne,9,253
h7uo972,hood wen,10,197
h7vntfd,mile,9,251
h7unfoe,spy,7,196
h7v4wu1,spy,5,221
h7vhy3d,spy,7,242
h7vimm1,aapl aapl aapl,8,243
h7vj18k,hood,6,244
h7w3can,mcfe,6,277
h7ul0hb,googl,4,193
h7um8z9,spce,6,194
h7umjsp,hood,6,195
h7umsn8,hood hood,4,195
h7un2q5,net,4,195
h7unh2l,spce,5,196
h7unozc,hood,6,196
h7uoas4,hood,5,197
h7uotd5,net,6,198
h7uplxh,mvis,5,199
h7uqkoo,hood negg,7,200
h7us1zu,hood,7,202
h7ut3t4,rh rh,6,204
h7uv23x,clne,4,207
h7uysyr,ocgn,4,212
h7v1jjq,spy,5,216
h7v8v4j,nio,5,227
h7v92o0,spy,6,227
h7v951n,hall,4,227
h7vmvof,mcfe,5,250
h7vnq1q,sofi,6,251
h7vo9av,sq,5,252
h7vocb5,clne,6,252
h7w1f4c,spce spce,5,274
h7w4shs,mcfe,4,279
h7ul3nl,spy,9,193
h7uoivb,m,8,197
h7vne5u,bpop,10,251
h7ul2qy,spy,7,193
h7ulihj,hood,6,193
h7ulr4p,spy,6,194
h7ulu1b,hood,7,194
h7unpbk,spy,5,196
h7vir6w,sofi gme,7,243
h7vt1s2,sofi,6,260
h7w3pf9,mcfe,5,277
h7w4yzv,hood,5,280
h7uksbb,spy,7,192
h7urbmy,spy,9,201
h7v8tbf,spy,7,227
h7vn4rd,mcfe,8,250
h7um313,amd,6,194
h7um7xd,spce,5,194
h7um8sr,mvis,5,194
h7umcir,spce,4,194
h7unle5,spy,4,196
h7unngu,spy,5,196
h7uo126,net,4,197
h7upach,twtr,3,198
h7uw50c,tsm intc intc,5,208
h7ux8se,mcfe,4,210
h7uzd1r,clne,4,213
h7v2upe,sony,6,218
h7v7cia,amd,4,225
h7v96f6,cgc,3,227
h7vahsb,negg,4,230
h7vct5p,clne,4,233
h7veh60,hood,3,236
h7vicb7,clne,4,242
h7vlo6a,aapl,4,248
h7vlrzz,penn,3,248
h7vltrb,hood,4,248
h7vnfl9,ford gm ford,4,251
h7vnqy3,hood,4,251
h7vo1lk,sofi psfe bitf,4,252
h7vo3zs,wen,4,252
h7vpgdt,spce,4,254
h7vv4p3,hood,4,263
h7w01cy,spy rave,3,271
h7w0b3z,spy,3,272
h7w0pjd,spy,4,272
h7uldtf,cc,2,193
h7ulkxp,zg,2,193
h7ulr0m,nvax,2,194
h7ulrno,nvax,2,194
h7um1se,spy,2,194
h7um64t,rkt,2,194
h7um6rq,mvis,2,194
h7um72f,nvax,2,194
h7um74c,mvis,2,194
h7umdyn,hood,2,194
h7ume7s,twtr,2,194
h7umhq5,net,2,195
h7umhx8,zg,2,195
h7umiqy,gpro,2,195
h7umkli,roku,2,195
h7umkxj,twnk,2,195
h7ummm2,tsla,2,195
h7umwcj,hood,2,195
h7umwo2,net,2,195
h7un3hv,spce,2,195
h7un3y5,cvna,2,195
h7un909,chpt,2,196
h7unayp,net,2,196
h7undn6,hood,2,196
h7unsqb,net,2,196
h7uny2r,viac,2,197
h7uoa35,mvis,2,197
h7uockd,bynd,2,197
h7uof5n,spce,2,197
h7uoko8,net fsly,2,197
h7uosrh,net,2,198
h7up1gz,net,2,198
h7upbc0,intc,2,199
h7upl1a,etsy net dash,2,199
h7upwk9,dkng,2,199
h7uqgxi,bigc,2,200
h7uqoap,nc,2,200
h7ur33z,zg,2,201
h7ur4oi,cvna,2,201
h7urs2k,uber,2,202
h7urv7u,fcel,2,202
h7us33x,bigc,2,202
h7us6xy,mcfe mu mu,2,203
h7usqhw,spy ccs,2,203
h7ut2z9,zy,2,204
h7utbb4,dis,2,204
h7utf6w,zg,2,204
h7uu2ew,baba negg fds,2,205
h7uut9b,sq,2,206
h7uutrq,tsla etsy,2,206
h7uuvik,net,2,206
h7uuvqc,net fsly,2,206
h7uuy48,googl,2,206
h7uuz3p,mgni,2,206
h7uv0ci,qs spy,2,207
h7uv2z1,sbux,2,207
h7uwqcu,negg,2,209
h7uwshf,mcfe,2,209
h7uxnez,wit,2,210
h7uxu7t,tgt,2,211
h7uy7nk,clne,2,211
h7uzt7l,spy r,2,213
h7v0453,ptra,2,214
h7v0w89,mcfe,2,215
h7v141y,spce spy,2,215
h7v1alu,zy,2,216
h7v1m07,dkng,2,216
h7v1wil,dkng,2,216
h7v1yey,spy,2,217
h7v2780,tsla,2,217
h7v3gjl,bynd,2,219
h7v3k2s,mcfe,2,219
h7v4e4n,zy,2,220
h7v4urg,net,2,221
h7v57va,gpro spce,2,221
h7v5k42,nvax,2,222
h7v5qob,psfe,2,222
h7v5zsi,znga,2,223
h7v6hwq,tsla,2,223
h7v709v,astr,2,224
h7v7elj,astr,2,225
h7v7qts,chgg,2,225
h7v8g8s,dkng,2,226
h7v8khp,grpn,2,227
h7v93me,dis dis,2,227
h7v9owd,mcfe spy,2,228
h7v9q4m,rh,2,228
h7v9s98,doyu,2,228
h7va53b,snap gps,2,229
h7veego,mrna,2,236
h7ves75,zy,2,237
h7vf4w8,uber,2,237
h7vfiks,hood,2,238
h7vfino,dkng,2,238
h7vii7b,crsp,2,243
h7vkxck,regn,2,247
h7vlr5t,fsly,2,248
h7vqy2j,pfe,2,257
h7vqzwf,spce,2,257
h7vro0m,hood rh,2,258
h7vw5c1,ddog,2,265
h7vxema,bpop,2,267
h7vxoaz,hood,2,268
h7vyae3,j pow,2,269
h7vzei7,nvax,2,270
h7w1b8t,rtx,2,273
h7w1r8s,res,1,274
h7w2ifn,lng,1,275
h7w2ns3,fds dkng,1,276
h7w67fu,zm payc,1,282
h7w6bx4,amzn net frog mrna,1,282
h7w7d2x,spy,2,284
h7w8c6h,bngo,2,285
h7w8yef,spy,2,286
h7uks52,spy,5,192
h7ul04a,mrna,6,193
h7uljm8,hood,5,193
h7ulwxo,expe,5,194
h7unfmq,spy,5,196
h7uo3u9,hood,6,197
h7uqhu3,hood,7,200
h7usux5,ford tsla net,3,203
h7ux9yw,hood,5,210
h7v6gf0,gme mcfe,5,223
h7w0jha,spy fds fds,5,272
h7w2bhk,mvis,6,275
h7w4mla,spy,5,279
h7vow2v,h,7,253
h7ukqyy,spy,7,192
h7ulpb9,spy spy,6,194
h7um82j,hood gme,6,194
h7vuxex,spy,7,263
h7vvm9c,hood,6,264
h7ul1xw,spy,5,193
h7ul5wr,spy,5,193
h7unql1,hood,5,196
h7unvz7,spy,6,197
h7uv27f,twtr,5,207
h7um07d,hood,3,194
h7unfpx,net,4,196
h7uo2h5,hood,4,197
h7uqpds,spy,4,200
h7us7pz,aapl,4,203
h7uslf9,mvis,4,203
h7uw0od,spce,3,208
h7v9dcr,hood,4,228
h7vfs97,amd,4,238
h7vqmz5,hood,3,256
h7vv1r1,mvis,3,263
h7vv2gb,mcfe,4,263
h7w20om,clov,4,275
h7w6raz,r,3,283
h7vuzdv,bpop hood,6,263
h7ulkg5,mvis roku,4,193
h7ulo6e,hood,2,193
h7ulys3,utz,3,194
h7ulz0f,mrna,3,194
h7um4hz,mcfe,3,194
h7um7c2,spce,1,194
h7umapz,fix,4,194
h7umeqx,spce,2,195
h7umhvf,spce z,3,195
h7umjbu,mcfe,3,195
h7umq90,spce,3,195
h7umt41,clne,1,195
h7unb6n,hood,2,196
h7unei2,net,3,196
h7uni85,spce,3,196
h7unner,hood,4,196
h7unx50,pltr,2,197
h7uo0ew,mrna gps nvax,3,197
h7uodee,mrna nvax,2,197
h7uolj5,hood clov baba,3,198
h7uqbye,spy,1,200
h7usmh1,net,2,203
h7uukaq,spce,3,206
h7uv0nk,hood,4,207
h7uwzub,bynd mcd bynd mcd bynd,4,209
h7v18eq,ocgn,2,215
h7v3lgd,spce,3,219
h7v8wvg,spce,4,227
h7va5yw,mcfe mcfe,2,229
h7vcl9x,r,3,233
h7vhvne,bb,4,242
h7vkxqy,negg,3,247
h7vkzvw,twtr,3,247
h7vmbmh,wen,3,249
h7vmq4d,tsla,3,250
h7vmum9,crox,3,250
h7vqzs9,amc psfe poww sofi pltr asts,4,257
h7vr19i,sklz,2,257
h7vsqvy,clne,2,259
h7w27od,wba cvs,2,275
h7w4a17,bb,3,278
h7w4ntj,atvi,2,279
h7w57fp,mcfe,3,280
h7w797k,tsla,3,284
h7ukr48,spy spy,5,192
h7uyjuk,mvis,6,212
h7umvi3,hood,4,195
h7un64j,hood,4,196
h7vl25l,bb,4,247
h7vldq3,spy,4,247
h7vm49l,ed hood,5,249
h7vmd90,hood,4,249
h7vqk9m,spy,3,256
h7vvedh,spy,4,264
h7vyt7p,spy atvi,3,269
h7w6nq0,r,3,283
h7vpkvx,spy,4,254
h7uo18v,hood,4,197
h7ul7is,hood,4,193
h7ulezr,spy,3,193
h7ulids,spy,3,193
h7ulj30,spy,3,193
h7uln9f,hood,4,193
h7ulsam,astr,3,194
h7um1p3,hood hood,3,194
h7unezh,helo hood,2,196
h7upbfw,fsly,3,199
h7uq9jb,bb,3,200
h7v7qhg,hood,3,225
h7vifcg,pltr,1,243
h7vn5su,net,2,250
h7vsi8l,clov sofi sklz wkhs,3,259
h7w5yqq,r,2,281
h7ukp9x,spy,3,192
h7uwbwe,spy rsi,4,208
h7vkqz3,hood,3,246
h7vnx1h,aapl,4,252
h7ulrht,spy,2,194
h7uqavi,twtr,3,200
h7v7gja,r fly,3,225
h7vsy4a,r,3,260
h7vogom,sofi ttcf,2,252
h7v60hu,clne spy amc gme,3,223
h7vk0jr,hood,1,245
h7vr985,rh m hood rh rh,4,257
h7ul1gb,wkhs cs mcfe,2,193
h7ul2oc,mvis amc clov zy,2,193
h7ulde5,mcfe,2,193
h7uleah,amd,2,193
h7uls7x,mcfe,2,194
h7ulyml,spy,2,194
h7um1x6,spce,2,194
h7um3tq,fds,2,194
h7um44a,spce,2,194
h7um52o,mrna,2,194
h7umsez,star,2,195
h7umv0e,sq,2,195
h7un788,hood,2,196
h7un8kx,hood,2,196
h7uncdy,hood,2,196
h7unjy5,spce,2,196
h7unsm0,mac,2,196
h7uohji,mcfe,2,197
h7uotig,net cvna,2,198
h7upch2,znga,2,199
h7upgf8,amd,2,199
h7upl2n,spy,2,199
h7upwea,clne,2,199
h7uralo,chpt comp,2,201
h7us4zm,net,2,202
h7ush2k,dg,2,203
h7usju5,zg,2,203
h7ut5b1,z,2,204
h7uupqk,aapl,2,206
h7uzeb7,sesn,2,213
h7v2llr,nvo mcfe,2,218
h7vbhat,disck,2,231
h7ve5n3,hood,2,235
h7vhszp,dbx aapl spy,2,241
h7vms86,dkng,2,250
h7vns3b,mrna,2,251
h7vnzxz,surf spy fds,2,252
h7vo92z,sklz,2,252
h7voyjh,rico,2,253
h7vso0m,spy,2,259
h7vy1p9,mcfe,2,268
h7vyllx,uwmc,2,269
h7w1pmv,gps gps,1,274
h7w1woq,clov,1,274
h7vlniu,spy spy rsi,2,248
h7uqffp,spy spy,3,200
h7uks6o,spy,2,192
h7ukvex,spy,2,192
h7ukwj1,spy,2,192
h7ul6in,wen,2,193
h7ullbi,hood,2,193
h7um5ri,spce,1,194
h7umjrr,xela,1,195
h7upzty,hood mrna tsla,2,199
h7ut9bz,spce,1,204
h7uw73d,manu,2,208
h7uwcx1,spce,2,208
h7v004k,nok,2,214
h7v7daz,spy,3,225
h7vc330,hood,0,232
h7vh3eg,tlry wkhs,1,240
h7vncep,fsly,1,251
h7vnpfr,hood,1,251
h7vny6n,sklz,2,252
h7vradp,aapl amzn m,3,257
h7vseg4,sofi,3,259
h7w2bhf,clne,2,275
h7w6iu0,mvis,1,282
h7un0pf,hood,2,195
h7unn3r,hood,2,196
h7vlbol,ui aapl,1,247
h7v19wt,spy,0,216
h7uku4y,mvis,1,192
h7vn4n2,nvda amd mu,1,250
h7vzn95,spy,1,271
h7w1vpw,clov,1,274
h7vobsa,aapl,0,252
h7v0d2c,hood,0,214
h7ukuqt,spy,1,192
h7ukzby,spy spy,1,193
h7ul74l,spy,1,193
h7ul81y,spy,1,193
h7ul9v6,net,1,193
h7ulcbu,mrna,1,193
h7uldko,negg,1,193
h7uljph,amd,1,193
h7ulmh9,wen,1,193
h7ulmz3,hood,1,193
h7uloi1,mcfe mcfe,1,194
h7unlvf,negg hood,1,196
h7unwdf,msft,1,197
h7up9w8,tsla,1,198
h7v2dtw,ben,1,217
h7v3q7p,spy,1,219
h7v4ikj,sofi,1,220
h7vf1ti,hood,1,237
h7vkhw7,tsla etsy dkng,1,246
h7vo935,bpop hood penn dkng,1,252
h7vr361,spy,1,257
h7vtkxx,tsla crsp,1,261
h7vybxf,gme amc hood,1,269
h7vohlu,gps,-1,253
h7vo31v,clne,1,252
h7vav8i,spy,-8,230
h7upbvp,spce,-1,199
h7vibp2,mrna,0,242
h7ukubi,sq,1,192
h7ukuwf,net,1,192
h7ul0a8,mcfe,1,193
h7ul2s6,mcfe,1,193
h7ul7wm,spy fds,1,193
h7ul8p0,net,1,193
h7ulain,spy,1,193
h7ulcve,axon,1,193
h7ulenf,net,1,193
h7ulez8,net,1,193
h7uljwl,nvax,1,193
h7ull2y,hood,1,193
h7ulod2,znga,1,194
h7ulsnl,net,1,194
h7ulty6,bynd net,1,194
h7ulud5,expe,1,194
h7um0mt,spy,1,194
h7umg5h,nvax,1,195
h7umtu9,r,1,195
h7undx8,spy,1,196
h7unjr1,googl,1,196
h7unl8b,hood,1,196
h7unne1,znga,1,196
h7unqx9,mrna,1,196
h7uobye,sofi,1,197
h7up7ak,znga,1,198
h7uqf3g,hood,1,200
h7urq86,znga,1,202
h7uryvj,mara,1,202
h7us5jd,stmp bynd net,1,202
h7usia6,spce,1,203
h7uspqg,wkhs,1,203
h7ut3w5,hood,1,204
h7uwnda,orcl,1,209
h7uxeum,net tm,1,210
h7uxi5e,hood,1,210
h7v2ffb,yelp step,1,217
h7v4im4,spce,1,220
h7vcg3u,fds,1,233
h7vczc6,sndl,1,234
h7vfmw1,spce,1,238
h7vhznm,mist,1,242
h7vj0lm,mcfe,1,243
h7vjfme,amzn,1,244
h7vjype,nio,1,245
h7vmhkb,psfe psfe,1,249
h7vmm76,cat,1,249
h7vmw6f,mu,1,250
h7vr5lk,amzn,1,257
h7vxb6l,ken,1,267
h7vxlso,rng hyln,1,267
h7w27wz,chef,0,275
h7w4vno,nio,0,279
h7w843k,mrna,1,285
h7uuf4s,hood,-3,206
h7ukwn6,hood,-4,192
h7v9hia,spce,0,228
h7ukv7v,m,0,192
h7up1vr,rblx net rblx,0,198
h7uxw38,zg,0,211
h7uy35z,mcfe,0,211
h7vicos,mvis,0,242
h7v3ukc,m chpt,-5,219
h7ushnp,hood,0,203
h7uset7,tsla,0,203
h7uwd67,spce,-2,208
h7vt5tt,r,0,260
h7w6pvu,nav,-7,283
h7ukpyv,r r,0,192
h7unfo5,fsr fly,0,196
h7uoezz,mrna,0,197
h7uosfr,spy,0,198
h7v0hlr,spy fds,0,214
h7v3xhs,mcfe,0,219
h7v535m,hood,0,221
h7vn97t,mcfe,0,250
h7vncvv,dash,0,251
h7vo2mn,astr,0,252
h7w9gvt,grvy,1,287
h7vo9tj,hood,0,252
h7vowva,feye,0,253
h7vrlqz,clov,0,258
h7uo3rb,hood,-3,197
h7v3yuz,sndl,-3,220
h7w2hgh,clov,-5,275
h7v3twq,etsy,-1,219
h7v5ecn,hood,-1,222
h7vc145,mvis roku,-1,232
h7w3x6l,mcfe,-2,278
h7w86jx,wen,-1,285
h7ukteu,mara,1,192
h7ul01l,webr,1,193
h7ul3t8,spce,1,193
h7ul8g4,rh,1,193
h7ul8vz,pubm,1,193
h7ula1u,expe,1,193
h7ulbvn,dbx base,1,193
h7uln0p,nvax,1,193
h7ulp8o,bynd,1,194
h7ulqnj,nvax,1,194
h7uluk6,bynd,1,194
h7ulwrh,fsly,1,194
h7um267,spce,1,194
h7um2tf,bynd net,1,194
h7umbrx,spy,1,194
h7umji1,fnko,1,195
h7umlco,spy,1,195
h7umu39,fubo,1,195
h7umyl3,clne wash,1,195
h7un4ig,zg,1,196
h7unba9,spy,1,196
h7undhf,znga,1,196
h7unpwh,z,1,196
h7unw2g,ta,1,197
h7unwya,viac,1,197
h7uo1ps,pltr,1,197
h7uo5ku,feye,1,197
h7uox1y,spce,1,198
h7up18m,cop,1,198
h7upsb3,wynn,1,199
h7uq1i0,ntdoy,1,200
h7ur2cp,bynd,1,201
h7ur5sa,net,1,201
h7ur8ac,fds,1,201
h7urnyq,chpt,1,202
h7urp2h,net bigc,1,202
h7urr6z,mp,1,202
h7urwk7,net,1,202
h7urxc9,spce,1,202
h7usn22,znga,1,203
h7usnfl,cc cc,1,203
h7usnsa,yeti lyft uber,1,203
h7usy30,ocgn,1,204
h7ut0po,ocgn,1,204
h7ut40y,stmp,1,204
h7uto3z,cah ci,1,205
h7utq2b,cake,1,205
h7uu2aa,z,1,205
h7uuw3k,surf,1,206
h7uvkma,himx uctt sofi dd,1,207
h7uvvtg,sava,1,208
h7uxc9p,sol,1,210
h7uxiuy,bynd,1,210
h7uxrjk,z,1,210
h7uz0v8,himx,1,212
h7v0v5u,psfe,1,215
h7v0wg2,grpn,1,215
h7v187j,clf,1,215
h7v29b7,csco,1,217
h7v2f5k,uber,1,217
h7v2gwd,grpn,1,217
h7v3th6,swch znga,1,219
h7v4ofg,mx,1,221
h7v4pv3,mcfe,1,221
h7v59ma,fb,1,222
h7v5pvn,net,1,222
h7v6jvh,acad,1,223
h7v6sr5,mcfe,1,224
h7v8jtp,upst,1,227
h7v8le5,cvna,1,227
h7v8o56,mgni,1,227
h7vasg5,htzz,1,230
h7vcl8a,spce,1,233
h7ve5gk,ta sp,1,235
h7veaek,fvrr,1,236
h7veh3z,fsly,1,236
h7vg14c,avid,1,239
h7vg8dz,ctva,1,239
h7vgeig,qcom vne,1,239
h7vhb09,wmt dis,1,241
h7vhkct,ui,1,241
h7vhnrc,m hood,1,241
h7vjzvy,lotz lotz cvna cvna,1,245
h7vlbk0,ftcv hood,1,247
h7vlzrf,ge,1,248
h7vpijm,gps,1,254
h7vqkqu,mara,1,256
h7vtenf,mu,1,261
h7vtlue,sofi sofi fds,1,261
h7vtyjf,naut,1,261
h7vu66g,pen pen,1,262
h7vubl1,v,1,262
h7vwy2v,bili,1,266
h7vxfwd,mvis spy,1,267
h7vyabe,clov,1,269
h7vyx1i,etsy,1,270
h7w0lfh,gpro,1,272
h7w1x6p,penn,0,274
h7w4552,cai,1,278
h7w4d0o,lac,0,279
h7w4drv,lvs,0,279
h7w99o5,dbx,1,287
h7vo4fd,hood hood,-3,252
h7voysu,naut,-2,253
h7vzc69,r,-1,270
h7vj9qs,spce,-1,244
h7v6k3y,hood,-5,223
h7vjynr,hood,-4,245
h7w0518,sofi,-7,272
h7vp5in,dms,-7,254
h7v3liz,gsat,-5,219
h7vs3mc,mnst,-4,258
h7vnrbm,nflx,-4,251
h7vorp1,amc hood,-4,253
h7w8p5s,sndl,-4,286
h7ulhaw,acic,-3,193
h7ut0n7,wkhs,-5,204
h7utrwe,fcel bngo,-3,205
h7vnh3b,tsla,-4,251
h7vd0rn,spce,-2,234
h7w2t1d,spce dkng,-3,276
h7w3927,gps,-3,277
h7uojaj,wkhs,-1,197
h7uv581,mcfe,-1,207
h7v3o7b,aapl,-1,219
h7vnjgx,plnt,-1,251
h7w0vsq,hood,-1,273
h7w3xfb,lmnd,-2,278
h7w6cau,fly,-2,282
h7w8uw9,dkng,-1,286
h7ullmx,ctrm,0,193
h7ulyy9,gps,0,194
h7undpc,spce,0,196
h7unemk,auph bby,0,196
h7unf7z,cvna,0,196
h7uni4o,yelp,0,196
h7unmuq,cvna,0,196
h7uno2x,bigc,0,196
h7unofi,expe,0,196
h7unoj1,nvax,0,196
h7uxeyb,nke,0,210
h7uxtab,hood,0,211
h7v03tr,ino,0,214
h7v5a6n,nio,0,222
h7v5qtp,hood yell,0,222
h7v8irz,viac,0,226
h7vafe4,fnko,0,229
h7vk2q6,qcom,0,245
h7vmw5p,byd,0,250
h7vn1ng,maps geni,0,250
h7vn31y,amat,0,250
h7w57l0,ocgn,-1,280
h7w5ryw,kim kim kim,-1,281
h7w5zq7,mrna,-1,281
h7w8yms,cake,1,286
h7vafxd,coke,11,229
h7v9frd,coke,16,228
h7w7w40,spy,5,285
h7vritx,spy,2,257
h7ume41,hood,23,194
h7w1s99,yell,3,274
h7vy42z,ay,1,268
h7w9b9l,aa,2,287
h7vvb0d,helo,10,264
h7vxf5d,r,1,267
h7w85ky,cost,2,285
h7v1l6j,r,2,216
h7v27uk,loop,2,217
h7vyrn3,sofi,1,269
h7w0ip5,mark,0,272
h7va61l,sony,4,229
h7vb6uy,tsm,2,231
h7vabq5,cmg,1,229
h7vcgla,ww,1,233
h7vl9h3,clov,1,247
h7v5qzd,spy,3,222
h7v5pb3,dis,1,222
h7v16ht,cc,2,215
h7v1rin,ai,2,216
h7vjm82,mcfe,3,244
h7vn8ln,mvis,2,250
h7w50wr,aapl,2,280
h7w52tv,step,7,280
h7vfuzf,race,2,238
h7vf7p3,viac,1,237
h7vje3u,step,2,244
h7vzewr,spy fds,3,270
h7vah3h,zy,2,230
h7vbb6f,fb,20,231
h7vc095,fb,1,232
h7vxgv4,fb,1,267
h7uwetx,amzn,5,209
h7v7deq,spy,4,225
h7v85td,spy,3,226
h7vbwr3,wen,6,232
h7vxhht,bb,2,267
h7vyjye,wen,6,269
h7w4j39,r fds,1,279
h7w5wgj,tour,3,281
h7w65kd,star,2,282
h7uxm5s,hood,4,210
h7v38ck,mrna,-2,218
h7w3srp,step,7,278
h7urt5m,bldp,3,202
h7uzxg9,ai,1,214
h7vbdha,mcd,4,231
h7vle55,snap pins twtr ebay,2,247
h7vkxvf,pins,1,247
h7vrccc,sofi,3,257
h7vsn3j,sofi,0,259
h7w0uyp,ui base,1,273
h7vzns3,spy,7,271
h7w8rng,wen,4,286
h7v0g4p,lax,4,214
h7uobfw,himx,0,197
h7upn3r,pltr,8,199
h7uoxpk,clov,7,198
h7utul9,hood spce hood,3,205
h7uu9y5,sam,3,205
h7v86gq,ai,7,226
h7vmxj5,dkng,2,250
h7vu40n,md,2,262
h7vxfnf,wba,3,267
h7vzm74,r,3,271
h7w02mm,nsa googl,1,271
h7vzgpo,amzn,3,270
h7w24c9,wash,2,275
h7w7gxo,golf,2,284
h7vpzop,v,1,255
h7usbtx,clne,1,203
h7uxuzs,bb,4,211
h7v4tum,ccl,1,221
h7uqhm7,mvis,1,200
h7uuh2j,chpt,0,206
h7uwwt8,brim,1,209
h7v5ctf,r,1,222
h7v5ls3,zip,2,222
h7v5vv8,zip,2,222
h7v7p3y,nc,2,225
h7v7uk9,mile,2,225
h7v72ng,ms,1,224
h7vw69g,baba,2,265
h7vwjvk,blk,5,266
h7w6j8q,fds,2,282
h7w6ebr,hood,0,282
h7w6j86,pltr,0,282
h7w6upe,nvda,1,283
h7w8j86,dash,1,286
h7w6puo,net,-2,283
h7vbjhe,r,2,231
h7urn5l,ford tsla,5,202
h7urm8c,pro,2,202
h7w1hng,ford,1,274
h7vay0y,wen,5,230
h7vb3cw,dish,3,231
h7vflna,r,4,238
h7w1fb9,wmt,4,274
h7w1jm5,msm,3,274
h7uwtdp,z,1,209
h7uxbuy,penn dkng,1,210
h7uxbgq,spce,2,210
h7v23pw,spy,0,217
h7v3hw2,negg,2,219
h7v4hut,adp,2,220
h7v4veb,mcd mcd,2,221
h7v4ohq,race,1,221
h7vapuo,etsy,1,230
h7vbvq3,sp,1,232
h7vc0on,coke,2,232
h7vc6g7,net,1,232
h7vcaxc,cdns,1,232
h7vcnsx,agi,5,233
h7vdtdi,qs,1,235
h7ve7fp,gps,7,236
h7vjuoh,mrna,2,245
h7vtk8a,si,2,261
h7vtkr0,spy,2,261
h7vxs7k,spy spy,4,268
h7vyp6q,ai,3,269
h7w22g9,lad,1,275
h7w296w,googl,1,275
h7w6wgn,wal,3,283
h7w6b9n,cone,0,282
h7w8t1s,spy,4,286
h7uw6ik,r,6,208
h7von17,gps gps,1,253
h7uv9nr,hood,2,207
h7uvwun,rblx,1,208
h7vqobv,bleu,6,256
h7vqooq,wing,4,256
h7vqk2b,spy,3,256
h7vcee2,fds,3,233
h7uzkd1,fly,2,213
h7uzu6o,east,3,213
h7us7y4,hood,4,203
h7uuims,spy,2,206
h7uttqz,fsly gps,1,205
h7uwtr2,r,7,209
h7uxey7,sq,3,210
h7v18wx,adp,2,216
h7v43w4,psfe,4,220
h7vaap4,coke,1,229
h7vage0,tm,2,230
h7vcedo,uber,3,233
h7vdqh1,sq,2,235
h7vf9pd,hood,3,237
h7vf7rr,rh,2,237
h7vkpds,mcfe,3,246
h7vl0ca,mcfe mcfe,3,247
h7vqy1c,nm,2,257
h7vwprb,sp,3,266
h7vzam8,net,2,270
h7vz9qd,m r,2,270
h7w1nvk,mcfe,6,274
h7w1ljz,spy,2,274
h7w3ie7,aapl,0,277
h7w5ugm,hood hood,-1,281
h7w8eva,aapl spy,6,286
h7urvj9,race,1,202
h7ursg7,r,6,202
h7uv3ee,al,2,207
h7w5i3x,boot,1,280
h7vpwac,ww,2,255
h7vms4h,psfe,3,250
h7ut0hk,fsly,2,204
h7vqk5k,spy,3,256
h7vv7su,pltr,9,263
h7vv503,zeta,1,263
h7uq2hq,ccs,2,200
h7vl2ke,hood,1,247
h7vyfml,spy,3,269
h7w73ha,bpop,2,283
h7ull6d,mcfe,1,193
h7un0yf,spce,3,195
h7upy4y,hood,1,199
h7ur9u8,hood rh,0,201
h7ut27x,spy,3,204
h7uvrw3,hood,5,208
h7vmxmw,nok,2,250
h7unf5w,tm,1,196
h7uofel,ccl ccl,0,197
h7ur7b2,roku fvrr,1,201
h7uukqg,mcfe,2,206
h7uufgb,alot,1,206
h7uttuq,cc,13,205
h7uwpr5,z expi rdfn z,1,209
h7ux04q,cop,1,209
h7uwp10,epd,2,209
h7uy8zg,lvs,2,211
h7uxgck,net,1,210
h7uxoer,wen,6,210
h7v1ier,m,3,216
h7v2a6d,wash,1,217
h7v4njt,r,2,221
h7v54k8,zg,1,221
h7v64pk,negg,1,223
h7v6g3q,clne,-1,223
h7v5xyo,zg,1,223
h7v9dst,tree,1,228
h7vc4as,bldp,2,232
h7vgyuz,hood,0,240
h7vkiel,r,3,246
h7vpoo4,sofi,2,254
h7vpv0k,clne,2,255
h7vr1n5,psfe,4,257
h7vqu26,nvda amd,2,256
h7vrhfa,sesn,1,257
h7vs52e,tsla,1,258
h7vsip4,viac,1,259
h7vupmk,r,1,263
h7vvaa3,dkng dkng,3,264
h7vvlxn,hood,2,264
h7vvgpe,tsla,2,264
h7vyakh,tsla,2,269
h7vvr2k,tm,1,264
h7vx53l,pnw fix sbux,2,267
h7vzdui,dkng,1,270
h7vyvm7,fr,2,269
h7w00rl,ai,2,271
h7w0otm,step,2,272
h7w0pmx,net,3,272
h7w0rga,net,3,273
h7w3zvj,aapl,1,278
h7w4g26,fly,-1,279
h7w4i3o,aapl,0,279
h7w4op1,aapl,0,279
h7ut7aa,zg,1,204
h7v3q2l,gsat,2,219
h7ve7wy,wit,1,236
h7vtcte,saga,1,260
h7vyqzw,gm,3,269
h7vyxd7,tsla,2,270
h7w3m13,wifi,0,277
h7vnm4k,wisa,-1,251
h7uycj2,tgt,4,211
h7vd49i,tril,1,234
h7w146l,nav,9,273
h7unpxd,sp spy,1,196
h7vkn3b,r,1,246
h7vr830,hood,3,257
h7w3imv,mcfe,-1,277
h7um6ht,ccl,1,194
h7umyil,twtr,6,195
h7ur0qt,hood,1,201
h7utgsb,rh,3,204
h7uwc4y,cs,1,208
h7v9k1f,nio,2,228
h7v9agt,spy dis hood,2,228
h7va336,hood,1,229
h7v9fhm,dkng,2,228
h7vnr2h,fdx,1,251
h7vny6a,dms,2,252
h7w3umb,st,-1,278
h7umk05,step,2,195
h7um0yb,spy,1,194
h7unx1y,spy spy,1,197
h7w6jyf,nyc,2,282
h7v8z6q,spy,8,227
h7v963a,mrna bntx,2,227
h7w7f8r,blk,3,284
h7umza6,spce,2,195
h7uosg8,net net,1,198
h7upvjj,twtr,6,199
h7v9eh5,rsi,1,228
h7vap8t,grwg,1,230
h7vfdvw,mlm,6,238
h7vgurr,spy,3,240
h7vgz11,mrna,2,240
h7vgrnz,hood,3,240
h7vgws0,fubo,1,240
h7vgyli,hood,0,240
h7vgttv,amzn,1,240
h7vijn0,clne,5,243
h7vorvm,cube,2,253
h7vp6az,j,4,254
h7vtcdz,kr,3,260
h7vvvvh,hood,2,265
h7vyjpg,lyft uber,2,269
h7w0zqx,spy,1,273
h7w1h8q,hood,6,274
h7w19ug,spy,-1,273
h7unex8,chpt,1,196
h7upfuj,bynd bynd,1,199
h7upt4u,net,3,199
h7uq24e,dash,1,200
h7uqnp2,ttd,1,200
h7usca4,bigc net,1,203
h7usyxz,spy spy,8,204
h7uu52c,amzn etsy fsly net,1,205
h7uvke2,spy ndaq,2,207
h7v33pn,bbby,1,218
h7v0exy,mcfe,5,214
h7v1qo7,goog mgni,1,216
h7v2ty8,tsla,2,218
h7v4fha,chpt,2,220
h7v93i5,psfe,1,227
h7v6ngk,znga,2,224
h7v8pz9,cc,1,227
h7v9h8p,dis,2,228
h7vljvy,spy,1,248
h7vdnd6,ob,0,235
h7vegz5,m,2,236
h7vgu7h,gps,2,240
h7vhmn3,golf,2,241
h7vs517,spce,2,258
h7vu7wp,swim,1,262
h7vut86,swim,1,263
h7vvnz8,mvis,3,264
h7vuqtg,hood,1,263
h7vvb6z,sofi,1,264
h7vvo50,mcfe,-1,264
h7vvhd7,spy,1,264
h7vx80k,rh,3,267
h7vzl78,es,1,271
h7w2gps,r,1,275
h7w191g,se ccl,2,273
h7w3j9f,tsla mu net,2,277
h7ut47q,tsla,9,204
h7uxv9n,hood,8,211
h7vpkna,hood,2,254
h7ur0b6,spy spy,3,201
h7uqsxr,adp,6,201
h7vsg1k,tsla,2,259
h7vqsrv,h,3,256
h7vxw0s,nkla,2,268
h7vungc,qs,1,263
h7vvso4,mcfe,4,264
h7w28hw,clov,11,275
h7w2i11,clov step clov,4,275
h7w2qln,clov,0,276
h7vv8yw,hood,5,263
h7vw1tu,rh hood,4,265
h7ulrsh,mvis,1,194
h7um1iv,hood,2,194
h7uo46l,pmmaf,1,197
h7unn79,bb,2,196
h7uoam6,mrna,6,197
h7usxwa,dash,3,204
h7uv1qi,bigc,0,207
h7v98o6,crsr,2,228
h7v9wd2,ccs,1,229
h7vbq37,hood,4,232
h7vkczr,cat,4,246
h7vjsp7,cat,0,245
h7vocs7,view,3,252
h7vonbf,hall,1,253
h7w2esj,grvy,1,275
h7w1sit,east,2,274
h7w4zdq,atvi,0,280
h7w86m7,ac,2,285
h7vcgyt,wen,9,233
h7vcxm6,de,4,233
h7vmio6,m,5,249
h7vmswb,fds,3,250
h7vq45t,ta ta,2,255
h7vqkwv,ta,2,256
h7vqath,fate,1,255
h7vqdnw,ta,1,256
h7vrlar,ta ta,1,258
h7vq4i3,ta,0,255
h7vwrgb,spy,3,266
h7ur9ff,hun,1,201
h7unlgf,ui,1,196
h7uqa6z,fsly,2,200
h7v7w7d,viac,2,226
h7vq8nj,sq,2,255
h7vjtae,r,7,245
h7vljh6,hood,2,248
h7vaall,lego,1,229
h7vp22y,ttcf,0,253
h7vkkiu,gme,2,246
h7vk2zj,hood,-4,245
h7vrvh7,hood,1,258
h7umiu1,amd,1,195
h7upir1,hood,1,199
h7una90,hood,-1,196
h7up51z,spce,1,198
h7uo0l2,mac,3,197
h7us6k1,spy,2,203
h7uulyy,helo,1,206
h7uutxl,zg,1,206
h7uv899,ipa,0,207
h7v34x8,tgt,2,218
h7vkyf2,gdp,2,247
h7vmef6,bb,1,249
h7vuqly,tile,2,263
h7uol8u,spy,4,198
h7v5i04,gdp,3,222
h7vm8dt,rsi,1,249
h7vugsn,bb,1,262
h7w5n4o,fly,0,281
h7ur104,spy,3,201
h7ula7m,dis aapl,1,193
h7uwt5m,spce,2,209
h7w2nrl,hood,1,276
h7w6yff,mstr,2,283
h7vteoo,pros pro bpop,4,261
h7va4sv,wen,4,229
h7va954,amgn,6,229
h7v3u4v,spy,2,219
h7vlu68,base base,4,248
h7v1mgs,hyln,1,216
h7vmbw5,esta,1,249
h7vpr5g,mrna,2,255
h7ul65z,spy,2,193
h7ulopb,negg,1,194
h7v2ex5,ben ben r r r r,7,217
h7vdvev,ibkr,1,235
h7vebje,ibkr ibkr,1,236
h7vi9cx,reg,1,242
h7vkk5d,spy,1,246
h7vn3wu,tsla,1,250
h7vp5wx,hood,1,254
h7voiei,ally,-2,253
h7vyl0l,spy,4,269
h7vyjsg,m v,7,269
h7vzmaj,cake,1,271
h7vyi72,hood,-3,269
h7uque6,hood hood,3,201
h7uu3ld,sand,1,205
h7ux0nk,tsm,1,209
h7v24a4,spy r,2,217
h7v3gy1,psfe,1,219
h7v35i8,yelp,5,218
h7vey54,pure,1,237
h7vjp9f,lb,2,245
h7w0wsr,wen,2,273
h7w5twf,amp amp,2,281
h7w5rdt,pbr,0,281
h7uuse2,cat,0,206
h7uzpps,v v,3,213
h7w1crw,expo,4,274
h7v3zbp,chpt,6,220
h7vwg0u,m,1,265
h7vl9o4,wen,8,247
h7vn36r,step wash,2,250
h7uoxjd,mrna,1,198
h7v0u3q,spy gdp,1,215
h7w9ivy,grvy,2,287
h7ve2q8,nvda,5,235
h7v9h6a,nvax,3,228
h7vzyge,wen,1,271
h7vpd5t,pltr cs,2,254
h7vov1g,psfe,-1,253
h7vpp1t,bcrx,1,254
h7ukwft,eric,1,192
h7ul5qx,clov,4,193
h7uldl1,spy,3,193
h7uoel1,spy,1,197
h7uspcm,net,1,203
h7uty6m,tsla,1,205
h7uumar,yeti,1,206
h7uwk39,rtx,3,209
h7v8hzm,spy,2,226
h7v8t64,cvna,2,227
h7var4r,wit,1,230
h7ve5ju,skin,1,235
h7vhdm1,surf,1,241
h7vhef1,dis,2,241
h7vhyax,cost,1,242
h7vtrgz,sofi,2,261
h7vuomo,docu,1,263
h7vvjbp,dkng,3,264
h7vzgzh,dash,1,270
h7w1g11,bpop,1,274
h7w1lij,hood,1,274
h7w21pw,penn,6,275
h7w5dr3,wynn mgm lvs lvs,0,280
h7uqo9q,bj,6,200
h7uqiq6,bj,3,200
h7vpt4g,amzn,1,255
h7vnwv6,spce,1,252
h7v6n1i,hood hood,4,224
h7vqepu,rot,3,256
h7vpruk,fb,1,255
h7w9cbq,sndl,1,287
h7vmvlj,lmnd,2,250
h7w469q,spce,2,278
h7w3xoi,ocgn,0,278
h7w3zvg,tile surf,1,278
h7vmpa3,wen,1,250
h7vmpew,spy,0,250
h7v5ygq,hood,4,223
h7w68ts,aapl,1,282
h7w8xys,pond,2,286
h7w9c2q,awre,1,287
h7vs15b,fate,9,258
h7vs0l7,tsla,1,258
h7vi036,race,3,242
h7vviqh,emma,2,264
h7v4u14,pro,1,221
h7vdgum,baba,2,234
h7vvrzv,fb,2,264
h7vbshq,fb,2,232
h7vwfss,fb,1,265
h7v7hgb,amzn,2,225
h7vc61f,al,2,232
h7vqw4j,spy,2,256
h7w533s,msft mvis msft,1,280
h7w6ghn,chwy tsla,1,282
h7v4luv,net,1,221
h7vbh30,spy,3,231
h7vgi5f,cs,1,239
h7w0trv,se,1,273
h7up8g7,arvl,2,198
h7v7xef,hall,2,226
h7vkrpl,tgt,1,246
h7vytrg,wba,2,269
h7w2bmc,etsy,3,275
h7w2c5a,iti,1,275
h7vqajo,dms,1,255
h7vqf87,spy,1,256
h7vgx82,skin,2,240
h7vtoi1,aapl,1,261
h7urc3p,wash,1,201
h7v5ez5,ccl,1,222
h7vkihu,cs,6,246
h7uzjcv,msft mvis msft,2,213
h7v7kuh,star,1,225
h7vz4x1,m,3,270
h7vb5ds,wrap,2,231
h7uwo86,laws,2,209
h7w1j4l,wmt,4,274
h7v6f2f,hood,1,223
h7vf6qj,agi,2,237
h7vkmrl,mc azn,1,246
h7w8xpy,spy,1,286
h7vlyu3,fsly fsly virt,2,248
h7uzqw7,wen,3,213
h7vznbn,clne,2,271
h7vbhrx,spy,3,231
h7v6qgw,st,2,224
h7vi4mq,hood,2,242
h7w37q9,ford,2,277
h7w513s,roku,0,280
h7w7n1f,cs,2,284
h7usp42,hood,7,203
h7vr44f,r,3,257
h7vw6e3,bb dune bpop,2,265
h7vvyrs,wen,1,265
h7vqb2x,pro,8,256
h7vqm55,wen,-2,256
h7w57sf,nav,8,280
h7uqvy2,ogs,0,201
h7utdur,pltr jmia,2,204
h7ut8u2,spy,0,204
h7v69tm,gl,3,223
h7vby7m,mcfe,1,232
h7vucaa,spy,2,262
h7uq1qe,uk,1,200
h7ut7fm,nvda zg,2,204
h7urg6q,spce,6,201
h7uup8a,mcfe,0,206
h7v3o92,nvax,3,219
h7v3r2h,mrna,2,219
h7v8vox,v,1,227
h7vhju9,tsla,2,241
h7vvi4p,abt tsla,2,264
h7vvsnw,cvna,5,264
h7w4s9b,nyc,1,279
h7w4y5i,twtr,1,280
h7usdq0,zg,2,203
h7urqua,zg,1,202
h7v5i62,fr,2,222
h7vlb3f,xray aapl,1,247
h7voph2,hood,3,253
h7ungn6,twtr,2,196
h7ungaa,aapl,1,196
h7va0u9,spy,1,229
h7vavum,net,3,230
h7w6cxg,rnlsy,1,282
h7uowjg,m,2,198
h7vm8yk,sofi,1,249
h7uplbe,tgt,1,199
h7urr2v,twtr,1,202
h7v0ovr,clne,1,215
h7vfh35,stem,3,238
h7vj8ul,rng,3,244
h7vlv8u,r r,3,248
h7vm7ur,dkng penn,1,249
h7vp5sr,psfe,2,254
h7unyuq,mvis,1,197
h7upv9f,fsly,2,199
h7uq75o,uber,1,200
h7uuwvy,aapl aapl msft msft amzn amzn fb fb googl goog tsla tsla nvda nvda googl googl,1,206
h7uv607,zg zg,1,207
h7uydum,pure,1,211
h7v0bl7,spy r,2,214
h7v6lsh,net mtch roku etsy,2,224
h7v2wae,psfe,2,218
h7v7lfn,chpt,1,225
h7v9ty9,dis,2,229
h7vszi7,spce,1,260
h7vz3xk,spy,1,270
h7w1t2o,fds,1,274
h7unuv2,cent,3,196
h7uucfq,base,1,206
h7uus69,tsla,1,206
h7vdz4k,si,2,235
h7vhav4,m,2,241
h7vsofd,tsla tsla,1,259
h7vr6sb,bb,1,257
h7vs8nd,nclh,2,259
h7uo6c4,pmmaf,2,197
h7w7zdn,oc,1,285
h7vday4,spy,1,234
h7uo3d6,ui,-2,197
h7v95km,ww,1,227
h7vacpf,coke,1,229
h7vn5wd,gps,1,250
h7vm2nw,hood,0,249
h7vvp67,cop cop,1,264
h7vrly8,r,1,258
h7unbvv,m,2,196
h7uodw7,ba,0,197
h7vuwrl,ui,2,263
h7uwrrs,spce,3,209
h7w30z4,didi,0,276
h7vbz1u,simp,1,232
h7vq3oe,fds,1,255
h7w8s81,r,1,286
h7vvroc,pd gme,2,264
h7uqv06,mile,0,201
h7v11fg,sq,1,215
h7v53aa,spy wen hood,0,221
h7vfmu0,ibkr,2,238
h7vsu77,tsla cake,1,260
h7um0ks,mrna,1,194
h7uq2ca,rc,1,200
h7v6tqx,zg,2,224
h7vd848,fix,2,234
h7vo4oc,nio,1,252
h7vo9q6,dm,2,252
h7w1hws,st,2,274
h7v81ki,r r,1,226
h7v89gr,sndl,0,226
h7v4oro,sync,3,221
h7vktyf,r,1,246
h7v8nv7,yeti,1,227
h7ulfv1,ford,1,193
h7v9nbl,fly fly,1,228
h7v5bw1,shen,1,222
h7ver48,slam,1,236
h7vrd9c,pypl wmt pypl v tgt spy msft,1,257
h7vjip2,spy,1,244
h7vnhu2,ge,2,251
h7vt3po,loop,1,260
h7vzuwz,upst,0,271
h7v7yrw,rh,0,226
h7vpmgn,ar,1,254
h7w71pd,fr,1,283
h7w6owb,sq,0,283
h7vtup6,ark,2,261
h7vf34l,psfe,4,237
h7vciom,fb,1,233
h7v0t7d,wifi,1,215
h7vc0es,spy,2,232
h7vzx9c,bpop,1,271
h7vcodr,spy,1,233
h7w3vqo,dkng,1,278
h7vmd47,fsly,2,249
h7v8po3,st,1,227
h7uqt69,uk,1,201
h7utmb4,zg zg,1,205
h7uyyr9,lvs cs,1,212
h7vroi4,cat aal,1,258
h7vw23f,pure,2,265
h7w4318,wen,1,278
h7v4s3z,fly,1,221
h7v6gf8,amzn,1,223
h7up603,ipod,1,198
h7w6kb9,mark,1,282
h7vr901,uk,2,257
h7vkcrq,sofi,2,246
h7vfmw9,stem,0,238
h7w2ejx,sp,1,275
h7uly2t,adp,1,194
h7va6rs,nflx,1,229
h7vib8t,mark sp,2,242
h7vxqhh,hood,1,268
h7vi87d,m,3,242
h7vv41q,ford,1,263
h7uqwe2,tgt,3,201
h7vt1z4,hyln rng,3,260
h7vjnzd,de,1,245
h7vvgis,r,3,264
h7vu5gz,mei,2,262
h7uw6w9,ipa,1,208
h7vlo3v,spy,3,248
h7vj71a,cia,1,244
h7vbf22,simp,1,231
h7umpld,mark,1,195
h7v0zsn,znga,1,215
h7v7tub,shen mcfe,1,225
h7vbkud,gs,2,231
h7uwxuv,hall z,1,209
h7vfzz0,rnlsy,3,239
h7w756n,dkng,2,283
h7vmjz4,fsly,3,249
h7vjzqv,cvx chpt ford qs,1,245
h7v0o02,nflx,1,215
h7uts73,spy,1,205
h7utgc5,path step,1,204
h7vyevr,tsla,1,269
h7uvymw,coke,1,208
h7vqgrx,flex,1,256
h7vfx80,fds,2,238
h7vg9js,stem,4,239
h7vwqbp,rkt ta,1,266
h7usi4c,rico,1,203
h7uwgv1,ipa ale,1,209
h7vqf50,bb,2,256
h7vao9h,spy,1,230
h7vofxp,ge,1,252
h7vv0pw,cop,1,263
h7vmsog,fvrr,2,250
h7vk9xn,gm nkla,0,246
h7vqmeg,m,1,256
h7vgh8j,stem,1,239
h7vfe1u,rico,1,238
h7vb1na,cs,1,230
h7v6eg7,ttm rsi,2,223
h7vfz5i,psfe psfe pypl,1,238
h7v3btq,sand,1,219
h7w827v,scr,1,285
h7vn3od,fvrr,2,250
h7vgs9v,ap qcom stem lazy,1,240
h7w63nh,dm,1,282
h7vgdar,psfe,2,239
h7ve9ji,ta,1,236
h7vzmn8,dnmr,1,271
h7vqz4f,wire,0,257
h7wbyi1,wire,1,292
h7wbz1d,grvy,1,292
h7wbz7g,amzn,1,292
h7wbzkd,rh,1,292
h7wc14p,spy,1,292
h7wc1uf,r,1,292
h7wc2mc,bb,1,292
h7wc32u,pltr nio,1,292
h7wc368,z fds,1,292
h7wc36v,tsla,1,292
h7wc4a7,gme amc,1,292
h7wc4d5,spy gps,1,293
h7wc6mm,gme amc,1,293
h7wc6tz,pltr,1,293
h7wc9ey,mcfe,1,293
h7wc9lo,iti r,1,293
h7wca6l,gme,1,293
h7wcaeo,dis de,1,293
h7wcans,r,1,293
h7wcb4j,fds,1,293
h7wcbv9,gme rh,1,293
h7wccc5,pure,1,293
h7wcdwx,tlry,1,293
h7wcf8l,r,1,293
h7wcgmt,lad,1,293
h7wckiw,r,1,293
h7wcldb,r,1,293
h7wcm3b,eric wit,1,294
h7wcmk0,rh wash,1,294
h7wcmmx,bb,1,294
h7wcn8a,negg,1,294
h7wcpnz,crsr,1,294
h7wcprt,pltr fly,1,294
h7wcqsn,qs,1,294
h7wcrkd,cc,1,294
h7wcs3q,esta,1,294
h7wcsko,dvax,1,294
h7wct4q,rh,1,294
h7wctd5,mcfe,1,294
h7wctnv,fb,1,294
h7wctyv,umc,1,294
h7wctzj,r,1,294
h7wcv1i,crox,1,294
h7wcwiw,amd,1,294
